epoch,hazard_to_time_loss,hazard_to_time_mae,log_time_loss,log_time_mae,loss,lr,near_stop_accuracy,near_stop_loss,val_hazard_to_time_loss,val_hazard_to_time_mae,val_log_time_loss,val_log_time_mae,val_loss,val_near_stop_accuracy,val_near_stop_loss
0,170.6662139892578,171.16552734375,0.5574159622192383,0.5574191808700562,34.69474792480469,1e-04,0.9991945624351501,0.003976271487772465,200.26187133789062,200.7617645263672,0.677198588848114,0.6772003769874573,40.73301315307617,1.0,1.3575418051914312e-06
