{
  "overall": {
    "mae": 12.878236744759556,
    "rmse": 21.89897689309347,
    "r2": 0.9998642857782559,
    "mean_error": -6.6670160295930945,
    "std_error": 20.85943638321492,
    "n_samples": 811,
    "error_rate": 5.178791615289765
  },
  "per_poi": {
    "POI1": {
      "mae": 24.654545454545456,
      "rmse": 27.829785656683914,
      "r2": 0.9997282382874755,
      "mean_error": -6.4363636363636365,
      "std_error": 27.07526902613279,
      "n_samples": 165,
      "error_rate": 0.0
    },
    "POI2": {
      "mae": 30.78181818181818,
      "rmse": 36.29132962651831,
      "r2": 0.9995327374410484,
      "mean_error": -26.09090909090909,
      "std_error": 25.225484512106473,
      "n_samples": 165,
      "error_rate": 0.6060606060606061
    },
    "POI4": {
      "mae": 4.255031847133757,
      "rmse": 12.300761304180336,
      "r2": 0.9745863832807957,
      "mean_error": -1.1610191082802543,
      "std_error": 12.245846777280386,
      "n_samples": 157,
      "error_rate": 8.9171974522293
    },
    "POI5": {
      "mae": 3.488719512195122,
      "rmse": 11.013370670988305,
      "r2": 0.9284330357368827,
      "mean_error": 0.7384756097560987,
      "std_error": 10.988584408848153,
      "n_samples": 164,
      "error_rate": 14.02439024390244
    },
    "POI6": {
      "mae": 0.35662499999999997,
      "rmse": 1.0387105889033763,
      "r2": 0.9983067053976076,
      "mean_error": 0.1326249999999994,
      "std_error": 1.0302088608020215,
      "n_samples": 160,
      "error_rate": 2.5
    }
  }
}